	ref_l	genseq	imp	imgt_id	allele	locus	allele4	p_group	redist_f	cumfreq
0	0	A_gen_0	-	HLA00001	A*01:01:01:01	A	A*01:01	A*01:01P	0.13276097526768416	0.9442243107404372
1	1	A_gen_1	-	HLA14798	A*01:01:01:03	A	A*01:01	A*01:01P	0.0006361569146321834	0.010207248494775402
2	2	A_gen_2	-	HLA00002	A*01:02:01	A	A*01:02	A*01:02P	0.0004074024636326995	0.00805477734767302
3	3	A_gen_3	-	HLA00003	A*01:03:01:01	A	A*01:03	A*01:03P	0.00013747834460693033	0.003304968140084141
4	4	A_gen_4	-	HLA17076	A*01:03:01:02	A	A*01:03	A*01:03P	0.00029222286646350947	0.005922859931372123
5	5	A_gen_5	-	HLA01031	A*01:06	A	A*01:06		5.335549874378547e-05	0.0015998635501694991
6	6	A_gen_6	-	HLA18010	A*01:09:01:02	A	A*01:09	A*01:09P	5.8386692455364775e-06	7.93570396162921e-06
7	7	A_gen_7	-	HLA02897	A*01:25	A	A*01:25		1.2857495040702667e-05	0.00022537444311533043
8	8	A_gen_8	-	HLA00005	A*02:01:01:01	A	A*02:01	A*02:01P	0.11263343994176132	0.8114633354727528
9	9	A_gen_9	-	HLA13775	A*02:01:01:05	A	A*02:01	A*02:01P	0.053622948873212034	0.4467637483906202
10	10	A_gen_10	-	HLA15499	A*02:01:01:08	A	A*02:01	A*02:01P	0.044658228253653655	0.3931407995174082
11	11	A_gen_11	-	HLA00006	A*02:01:02:01	A	A*02:01	A*02:01P	5.785753216591665e-05	0.0017691478247388636
12	12	A_gen_12	-	HLA01032	A*02:01:04	A	A*02:01	A*02:01P	0.0005103014288934519	0.009015362072272848
13	13	A_gen_13	-	HLA01327	A*02:01:05	A	A*02:01	A*02:01P	0.00017103110234900794	0.003772156422887595
14	14	A_gen_14	-	HLA01682	A*02:01:09	A	A*02:01	A*02:01P	7.16286524315583e-05	0.0021549452229402462
15	15	A_gen_15	-	HLA00007	A*02:02:01:01	A	A*02:02	A*02:02P	0.0017159511237181705	0.02781100193436761
16	16	A_gen_16	-	HLA13987	A*02:02:01:02	A	A*02:02	A*02:02P	0.0006726857327323696	0.01152704705898802
17	17	A_gen_17	-	HLA00008	A*02:03:01	A	A*02:03	A*02:03P	0.001742035294258681	0.02955303722862629
18	18	A_gen_18	-	HLA00009	A*02:04	A	A*02:04	A*02:04P	0.00018658896184671887	0.004136233408742385
19	19	A_gen_19	-	HLA00010	A*02:05:01:01	A	A*02:05	A*02:05P	0.008767569347706979	0.11560314796836155
20	20	A_gen_20	-	HLA00011	A*02:06:01:01	A	A*02:06	A*02:06P	0.005677671046765939	0.07364867599990423
21	21	A_gen_21	-	HLA00012	A*02:07:01:01	A	A*02:07	A*02:07P	0.0018286836304025468	0.035022317474128664
22	22	A_gen_22	-	HLA00013	A*02:08	A	A*02:08		0.00013341980361076972	0.0031674897954772113
23	23	A_gen_23	-	HLA00014	A*02:09:01:01	A	A*02:09	A*02:01P	0.028843638188304637	0.28409035666833865
24	24	A_gen_24	-	HLA00015	A*02:10	A	A*02:10	A*02:10P	2.590133058924161e-05	0.0007537741464618356
25	25	A_gen_25	-	HLA00016	A*02:11:01:01	A	A*02:11	A*02:11P	0.004630685846736547	0.057670800757009276
26	26	A_gen_26	-	HLA00017	A*02:12	A	A*02:12		2.950391374074284e-05	0.0009515435387787306
27	27	A_gen_27	-	HLA00018	A*02:13	A	A*02:13		8.236250446363158e-05	0.002237307727403877
28	28	A_gen_28	-	HLA03096	A*02:131:01:01	A	A*02:131	A*02:16P	0.0003158471607824785	0.006550206307754235
29	29	A_gen_29	-	HLA00019	A*02:14	A	A*02:14	A*02:14P	2.354101748998218e-05	0.0006786789218038188
30	30	A_gen_30	-	HLA00023	A*02:17:02:01	A	A*02:17	A*02:17P	0.0010249970201047123	0.01903381636439772
31	31	A_gen_31	-	HLA00025	A*02:19	A	A*02:19		1.0062387423158607e-05	7.526674079313496e-05
32	32	A_gen_32	-	HLA00026	A*02:20:01	A	A*02:20	A*02:20P	0.00017748802400807068	0.003949644446895666
33	33	A_gen_33	-	HLA01260	A*02:20:02	A	A*02:20	A*02:20P	8.991060473697756e-05	0.002327218332140855
34	34	A_gen_34	-	HLA00028	A*02:22:01:01	A	A*02:22	A*02:22P	0.0002544169066991213	0.0048075661719621954
35	35	A_gen_35	-	HLA00030	A*02:24:01	A	A*02:24	A*02:24P	5.484622280647563e-05	0.001654709772975975
36	36	A_gen_36	-	HLA00033	A*02:27	A	A*02:27		6.124391357552092e-05	0.0018910766303663969
37	37	A_gen_37	-	HLA00035	A*02:29	A	A*02:29	A*02:29P	3.552892349411558e-05	0.0011188773148157016
38	38	A_gen_38	-	HLA00036	A*02:30:01	A	A*02:30	A*02:30P	0.00031149921559963224	0.006234359146971754
39	39	A_gen_39	-	HLA01033	A*02:33	A	A*02:33		2.1180704390722752e-05	0.0005899273310492622
40	40	A_gen_40	-	HLA01035	A*02:35:01	A	A*02:35	A*02:35P	0.00014025228889809964	0.003445220428982241
41	41	A_gen_41	-	HLA01105	A*02:38	A	A*02:38		1.1428884480624593e-05	0.00013961632949926038
42	42	A_gen_42	-	HLA01575	A*02:56:01	A	A*02:56	A*02:56P	8.074755339571724e-06	2.9985997388921228e-05
43	43	A_gen_43	-	HLA01665	A*02:60:01	A	A*02:60	A*02:60P	3.5653150499339755e-05	0.0011545304653150415
44	44	A_gen_44	-	HLA01760	A*02:64:01	A	A*02:64	A*02:64P	1.3230176056375211e-05	0.00025164845472024446
45	45	A_gen_45	-	HLA02235	A*02:85	A	A*02:85		1.4286105600780741e-05	0.0002793625380468875
46	46	A_gen_46	-	HLA02468	A*02:93:01	A	A*02:93	A*02:93P	9.19279838658935e-06	6.520435336997635e-05
47	47	A_gen_47	-	HLA00037	A*03:01:01:01	A	A*03:01	A*03:01P	0.10757680712293112	0.6988298955309916
48	48	A_gen_48	-	HLA01960	A*03:01:01:03	A	A*03:01	A*03:01P	0.0013448046394311905	0.02147576642630863
49	49	A_gen_49	-	HLA13785	A*03:01:01:05	A	A*03:01	A*03:01P	0.008745291682846537	0.10683557862065457
50	50	A_gen_50	-	HLA14827	A*03:01:01:07	A	A*03:01	A*03:01P	0.0007530286874921576	0.012991275351388613
51	51	A_gen_51	-	HLA00039	A*03:01:03	A	A*03:01	A*03:01P	4.381235817207249e-05	0.0014050756059779846
52	52	A_gen_52	-	HLA03873	A*03:01:14	A	A*03:01	A*03:01P	1.571199610278252e-05	0.0003245784478904129
53	53	A_gen_53	-	HLA00040	A*03:02:01	A	A*03:02	A*03:02P	0.00368339281839956	0.04891397704525419
54	54	A_gen_54	-	HLA01107	A*03:05:01	A	A*03:05	A*03:05P	4.341733832585104e-05	0.001361263247805912
55	55	A_gen_55	-	HLA01275	A*03:07:01:01	A	A*03:07	A*03:07P	9.192798386589348e-06	5.601155498338701e-05
56	56	A_gen_56	-	HLA02405	A*03:22:01	A	A*03:22	A*03:22P	7.01882579516619e-06	2.19112420493495e-05
57	57	A_gen_57	A*03:01:01:01	HLA03082	A*03:33	A	A*03:33		1.6646418700040167e-05	0.00034122486659045304
58	58	A_gen_58	-	HLA00043	A*11:01:01:01	A	A*11:01	A*11:01P	0.06096209692327125	0.5077258453138914
59	59	A_gen_59	-	HLA17615	A*11:01:01:07	A	A*11:01	A*11:01P	1.3191790384076998e-07	1.3191790384076998e-07
60	60	A_gen_60	-	HLA00044	A*11:02:01:01	A	A*11:02	A*11:02P	0.0005557295078703708	0.00957109158014322
61	61	A_gen_61	-	HLA00045	A*11:03	A	A*11:03	A*11:03P	0.00012621463730776728	0.002771951010843421
62	62	A_gen_62	-	HLA00046	A*11:04	A	A*11:04		3.410031293403751e-05	0.0010833483913215858
63	63	A_gen_63	-	HLA00047	A*11:05	A	A*11:05	A*11:05P	1.993843433848095e-05	0.0005066952375490613
64	64	A_gen_64	-	HLA01556	A*11:12	A	A*11:12		2.869643820678566e-05	0.0008927220518050815
65	65	A_gen_65	-	HLA00048	A*23:01:01:01	A	A*23:01	A*23:01P	0.0095149438025737	0.12511809177093525
66	66	A_gen_66	-	HLA01111	A*23:05	A	A*23:05		1.2546927527642218e-05	0.0001996800865251516
67	67	A_gen_67	-	HLA03165	A*23:17:01:01	A	A*23:17	A*23:01P	0.011430536753757064	0.1478728796235176
68	68	A_gen_68	-	HLA00050	A*24:02:01:01	A	A*24:02	A*24:02P	0.08352724309416902	0.5912530884080605
69	69	A_gen_69	-	HLA00051	A*24:02:01:02L	A	A*24:02L	A*24:02P	0.0004052862706900135	0.0076473748840403186
70	70	A_gen_70	-	HLA13780	A*24:02:01:04	A	A*24:02	A*24:02P	0.002432522003907846	0.04523058422685463
71	71	A_gen_71	-	HLA13786	A*24:02:01:05	A	A*24:02	A*24:02P	0.0018710959635256038	0.03689341343765427
72	72	A_gen_72	-	HLA14800	A*24:02:01:06	A	A*24:02	A*24:02P	0.0007904871042461918	0.013781762455634805
73	73	A_gen_73	-	HLA00052	A*24:02:02	A	A*24:02	A*24:02P	3.8777871427778744e-05	0.0011933083367428204
74	74	A_gen_74	-	HLA01648	A*24:02:04	A	A*24:02	A*24:02P	6.83356917267749e-05	0.002083316570508688
75	75	A_gen_75	-	HLA01828	A*24:02:05	A	A*24:02	A*24:02P	6.179074580342575e-05	0.0019528673761698226
76	76	A_gen_76	-	HLA02706	A*24:02:13	A	A*24:02	A*24:02P	0.0002202023937481981	0.004553149265263073
77	77	A_gen_77	-	HLA00053	A*24:03:01:01	A	A*24:03	A*24:03P	0.001516590701861676	0.02448003762923248
78	78	A_gen_78	-	HLA01040	A*24:03:02	A	A*24:03	A*24:03P	1.2836861549476132e-05	0.0002125169480746277
79	79	A_gen_79	-	HLA00055	A*24:05:01	A	A*24:05	A*24:05P	3.29201563844078e-05	0.0010492480783875486
80	80	A_gen_80	-	HLA00057	A*24:07:01:01	A	A*24:07	A*24:07P	0.0018135900492678094	0.0313666272778941
81	81	A_gen_81	-	HLA00060	A*24:10:01:01	A	A*24:10	A*24:10P	0.0001288855179200871	0.0029008365287635078
82	82	A_gen_82	-	HLA14845	A*24:14:01:02	A	A*24:14	A*24:14P	2.422426601871517e-05	0.0007029031878225338
83	83	A_gen_83	-	HLA00067	A*24:17	A	A*24:17		0.0003222448515515238	0.006872451159305758
84	84	A_gen_84	-	HLA00070	A*24:20:01:01	A	A*24:20	A*24:20P	4.658512695906764e-05	0.0014958855467968606
85	85	A_gen_85	-	HLA00970	A*24:22	A	A*24:22		1.968998032803259e-05	0.0004867568032105804
86	86	A_gen_86	-	HLA01041	A*24:23	A	A*24:23		2.708148713887132e-05	0.0007808556336007071
87	87	A_gen_87	-	HLA01189	A*24:25	A	A*24:25		0.00011310868825661621	0.0025309506207085108
88	88	A_gen_88	A*24:02:01:01	HLA01171	A*24:26	A	A*24:26	A*24:26P	1.1553111485848774e-05	0.00015116944098510915
89	89	A_gen_89	-	HLA01316	A*24:29	A	A*24:29		1.3043835548538938e-05	0.00023841827866386933
90	90	A_gen_90	-	HLA01330	A*24:31	A	A*24:31		2.7640508662380127e-05	0.000835950310417631
91	91	A_gen_91	-	HLA01491	A*24:33	A	A*24:33	A*24:03P	0.0008186491758336937	0.016209018492605084
92	92	A_gen_92	-	HLA02198	A*24:53	A	A*24:53		2.1056477385498573e-05	0.0005687466266585395
93	93	A_gen_93	-	HLA02366	A*24:56	A	A*24:56		2.074590987243812e-05	0.000547690149273041
94	94	A_gen_94	-	HLA02401	A*24:58	A	A*24:58		1.5217808139962095e-05	0.00030886645178763034
95	95	A_gen_95	-	HLA02860	A*24:72	A	A*24:72		1.0807749454503692e-05	0.00011694490104584746
96	96	A_gen_96	-	HLA00071	A*25:01:01:01	A	A*25:01	A*25:01P	0.02124095448825648	0.2312863870951851
97	97	A_gen_97	-	HLA00073	A*26:01:01:01	A	A*26:01	A*26:01P	0.03239866744297528	0.3484825712637545
98	98	A_gen_98	-	HLA13482	A*26:01:01:02	A	A*26:01	A*26:01P	0.00109714542247972	0.02013096178687744
99	99	A_gen_99	-	HLA02255	A*26:01:04	A	A*26:01	A*26:01P	1.3427977725862255e-05	0.00026507643244610675
100	100	A_gen_100	-	HLA00074	A*26:02:01	A	A*26:02	A*26:02P	9.062360031103957e-05	0.0024178419324518948
101	101	A_gen_101	-	HLA00075	A*26:03:01:01	A	A*26:03	A*26:03P	6.0684892052012096e-05	0.0018298327167908762
102	102	A_gen_102	-	HLA00079	A*26:07:01	A	A*26:07	A*26:07P	6.956712292554102e-06	1.489241625418331e-05
103	103	A_gen_103	-	HLA00080	A*26:08:01:01	A	A*26:08	A*26:08P	0.0007111996049084326	0.012238246663896451
104	104	A_gen_104	-	HLA00081	A*26:09	A	A*26:09		2.1367044898559023e-05	0.0006112943759478213
105	105	A_gen_105	-	HLA00084	A*26:12	A	A*26:12		1.9317299312360048e-05	0.0004474389560571273
106	106	A_gen_106	-	HLA01272	A*26:15	A	A*26:15		2.745416815454386e-05	0.0008083098017552507
107	107	A_gen_107	-	HLA01351	A*26:17	A	A*26:17		2.02490018515414e-05	0.0005269442394006029
108	108	A_gen_108	-	HLA00085	A*29:01:01:01	A	A*29:01	A*29:01P	0.00412613786501854	0.053040114910272725
109	109	A_gen_109	-	HLA00086	A*29:02:01:01	A	A*29:02	A*29:02P	0.01957770782618941	0.21004543260692865
110	110	A_gen_110	-	HLA05528	A*29:02:01:02	A	A*29:02	A*29:02P	0.002035569368260164	0.042798062222946784
111	111	A_gen_111	-	HLA01887	A*29:02:03	A	A*29:02	A*29:02P	2.228437590150457e-05	0.0006551379043138366
112	112	A_gen_112	-	HLA01795	A*29:10:01	A	A*29:10	A*29:10P	0.00011478575282714265	0.002645736373535654
113	113	A_gen_113	-	HLA00089	A*30:01:01:01	A	A*30:01	A*30:01P	0.01588677056309431	0.1904677247807392
114	114	A_gen_114	-	HLA00090	A*30:02:01:01	A	A*30:02	A*30:02P	0.0056673443768010465	0.06797100495313829
115	115	A_gen_115	-	HLA11775	A*30:02:01:02	A	A*30:02	A*30:02P	0.0019215056613476203	0.038814919099001886
116	116	A_gen_116	-	HLA12614	A*30:02:01:03	A	A*30:02	A*30:02P	0.0007921869828032752	0.014573949438438078
117	117	A_gen_117	-	HLA00092	A*30:04:01:01	A	A*30:04	A*30:04P	0.0018270065658320212	0.03319363384372612
118	118	A_gen_118	-	HLA01411	A*30:10	A	A*30:10		0.00013323346310293346	0.0030340699918664413
119	119	A_gen_119	-	HLA00097	A*31:01:02:01	A	A*31:01	A*31:01P	0.0239603313848489	0.255246718480034
120	120	A_gen_120	-	HLA15497	A*31:01:02:04	A	A*31:01	A*31:01P	0.0006471128314802494	0.01085436132625565
121	121	A_gen_121	-	HLA00098	A*31:02:01	A	A*31:02	A*31:02P	6.211350261209019e-05	0.002014980878781913
122	122	A_gen_122	-	HLA00100	A*31:04:01:01	A	A*31:04	A*31:04P	1.9627866825420494e-05	0.00046706682288254783
123	123	A_gen_123	-	HLA01546	A*31:06	A	A*31:06		2.9317573232906567e-05	0.0009220396250379881
124	124	A_gen_124	-	HLA00066	A*31:08	A	A*31:08		2.807530318066476e-05	0.0008640256135982957
125	125	A_gen_125	-	HLA01651	A*31:09	A	A*31:09		1.9006731799299595e-05	0.00042812165674476735
126	126	A_gen_126	-	HLA02085	A*31:12	A	A*31:12		4.422481385980821e-05	0.0014493004198377927
127	127	A_gen_127	-	HLA02737	A*31:15	A	A*31:15		1.1677338491072955e-05	0.0001628467794761821
128	128	A_gen_128	-	HLA02898	A*31:16	A	A*31:16		2.4969628050060252e-05	0.000727872815872594
129	129	A_gen_129	-	HLA00101	A*32:01:01:01	A	A*32:01	A*32:01P	0.03199354715244064	0.3160839038207793
130	130	A_gen_130	-	HLA00103	A*32:03:01:01	A	A*32:03	A*32:03P	1.1242543972788324e-05	0.0001281874450186358
131	131	A_gen_131	-	HLA01045	A*32:04	A	A*32:04		4.292043030495432e-05	0.001317845909480061
132	132	A_gen_132	-	HLA00104	A*33:01:01:01	A	A*33:01	A*33:01P	0.0074899567124788935	0.08113863271238311
133	133	A_gen_133	-	HLA00106	A*33:03:01:01	A	A*33:03	A*33:03P	0.0135954034517343	0.17458095421764488
134	134	A_gen_134	-	HLA00971	A*33:05	A	A*33:05		0.0001967134627724896	0.004332946871514875
135	135	A_gen_135	-	HLA00108	A*34:01:01:01	A	A*34:01	A*34:01P	0.0008164198783333134	0.015390369316771391
136	136	A_gen_136	-	HLA00109	A*34:02:01:01	A	A*34:02	A*34:02P	0.0016150131814169568	0.026095050810649438
137	137	A_gen_137	-	HLA01675	A*34:05	A	A*34:05		3.9131506645616806e-05	0.0012324398433884367
138	138	A_gen_138	-	HLA00110	A*36:01:01:01	A	A*36:01	A*36:01P	0.0009646226955657603	0.01800881934429301
139	139	A_gen_139	-	HLA01497	A*36:03	A	A*36:03		1.2050019506745496e-05	0.00017489679898292758
140	140	A_gen_140	-	HLA00111	A*43:01	A	A*43:01		1.7578121239221523e-05	0.0004091149249454677
141	141	A_gen_141	-	HLA00112	A*66:01:01:01	A	A*66:01	A*66:01P	0.0046328598193279705	0.06230366057633724
142	142	A_gen_142	-	HLA00113	A*66:02	A	A*66:02	A*66:02P	0.0002796971022622421	0.005343667813007145
143	143	A_gen_143	-	HLA00114	A*66:03:01:01	A	A*66:03	A*66:03P	3.239219161220503e-05	0.0010163279220031407
144	144	A_gen_144	-	HLA18008	A*66:03:01:02	A	A*66:03	A*66:03P	3.239219161220503e-05	0.0009839357303909355
145	145	A_gen_145	-	HLA05918	A*68:01:01:02	A	A*68:01	A*68:01P	0.00863932050542009	0.09809028693780804
146	146	A_gen_146	-	HLA00116	A*68:01:02:01	A	A*68:01	A*68:01P	0.011324251098825287	0.13644234286976056
147	147	A_gen_147	-	HLA10676	A*68:01:02:02	A	A*68:01	A*68:01P	0.013112671142392987	0.1609855507659106
148	148	A_gen_148	-	HLA13997	A*68:01:02:03	A	A*68:01	A*68:01P	0.00028696925190146836	0.005630637064908613
149	149	A_gen_149	-	HLA00117	A*68:02:01:01	A	A*68:02	A*68:02P	0.00831233372000485	0.08945096643238798
150	150	A_gen_150	-	HLA03152	A*68:02:02	A	A*68:02	A*68:02P	2.1559152464510646e-05	0.0006328535284123319
151	151	A_gen_151	-	HLA00118	A*68:03:01:01	A	A*68:03	A*68:03P	0.0008351781561221647	0.01704419664872725
152	152	A_gen_152	-	HLA00121	A*68:05	A	A*68:05		0.00015590489155634636	0.0036011253205385867
153	153	A_gen_153	-	HLA00123	A*68:07	A	A*68:07		1.6708532202652262e-05	0.0003579333987931053
154	154	A_gen_154	-	HLA01046	A*68:12:01	A	A*68:12	A*68:12P	4.248563578666969e-05	0.0012749254791751064
155	155	A_gen_155	A*68:01:01:02	HLA01047	A*68:13:01	A	A*68:13	A*68:13P	8.385322852632175e-06	3.83713202415534e-05
156	156	A_gen_156	-	HLA01106	A*68:15	A	A*68:15		1.055929544405533e-05	0.00010613715159134376
157	157	A_gen_157	-	HLA01119	A*68:16	A	A*68:16		1.0062387423158607e-05	8.532912821629355e-05
158	158	A_gen_158	-	HLA01170	A*68:17:01	A	A*68:17	A*68:17P	0.0002564045387827083	0.005063970710744903
159	159	A_gen_159	-	HLA01707	A*68:24	A	A*68:24		5.06225046288535e-05	0.0015465080514257138
160	160	A_gen_160	-	HLA01822	A*68:25	A	A*68:25		1.2236360014581766e-05	0.00018713315899750936
161	161	A_gen_161	-	HLA02624	A*68:35:01:01	A	A*68:35	A*68:35P	1.4286105600780741e-05	0.00029364864364766824
162	162	A_gen_162	-	HLA05431	A*68:55:01	A	A*68:55	A*68:55P	8.447436355244264e-06	4.681875659679766e-05
163	163	A_gen_163	-	HLA00126	A*69:01:01:01	A	A*69:01	A*69:01P	0.0014876805010621721	0.022963446927370804
164	164	A_gen_164	-	HLA00127	A*74:01:01:01	A	A*74:01	A*74:01P	0.0019475737556847296	0.04076249285468662
165	165	A_gen_165	-	HLA05527	A*74:02:01:02	A	A*74:02	A*74:01P	5.658051959697217e-05	0.001711290292572947
166	166	A_gen_166	-	HLA00129	A*74:03:01:01	A	A*74:03	A*74:03P	0.0003696374540445487	0.007242088613350306
167	167	A_gen_167	-	HLA01422	A*74:06	A	A*74:06		1.6894872710488532e-05	0.0003915368037062461
168	168	A_gen_168	-	HLA01653	A*74:09	A	A*74:09		1.0248727930994881e-05	9.557785614728844e-05
169	169	A_gen_169	-	HLA02254	A*74:11	A	A*74:11		1.6708532202652262e-05	0.00037464193099575764
170	170	A_gen_170	-	HLA00130	A*80:01:01:01	A	A*80:01	A*80:01P	1.965116812251963e-06	2.097034716092733e-06
171	171	A_gen_171	-	HLA08791	A*80:01:01:02	A	A*80:01	A*80:01P	0.00045028329570637665	0.008505060643379397
172	0	B_gen_0	-	HLA00132	B*07:02:01:01	B	B*07:02	B*07:02P	0.10198977456473908	0.9450747842382972
173	1	B_gen_1	-	HLA01763	B*07:02:04	B	B*07:02	B*07:02P	2.694192665393095e-05	0.0010223722283912828
174	2	B_gen_2	-	HLA00135	B*07:03	B	B*07:03		1.5757633208455123e-05	0.00035165430282326784
175	3	B_gen_3	-	HLA00136	B*07:04:01	B	B*07:04	B*07:04P	0.0008252284918853151	0.03043120588934213
176	4	B_gen_4	-	HLA00137	B*07:05:01:01	B	B*07:05	B*07:05P	0.002748093970741344	0.0695481837858223
177	5	B_gen_5	-	HLA00138	B*07:06:01:01	B	B*07:06	B*07:05P	0.003240613141509831	0.07858004449082409
178	6	B_gen_6	-	HLA00139	B*07:07:01	B	B*07:07	B*07:07P	2.859948389408588e-05	0.0011901227803427106
179	7	B_gen_7	-	HLA00140	B*07:08:01	B	B*07:08	B*07:08P	4.09450311715763e-06	2.5051377880691417e-05
180	8	B_gen_8	-	HLA00141	B*07:09:01	B	B*07:09	B*07:09P	5.614432304587357e-05	0.002411368031816591
181	9	B_gen_9	-	HLA00142	B*07:10	B	B*07:10		9.864030236788838e-05	0.004874887248491163
182	10	B_gen_10	-	HLA01049	B*07:14:01	B	B*07:14	B*07:14P	5.5027640377557846e-05	0.002355223708770717
183	11	B_gen_11	-	HLA01050	B*07:15	B	B*07:15		2.636611855745444e-05	0.0009688780694018447
184	12	B_gen_12	-	HLA01742	B*07:33:01	B	B*07:33	B*07:33P	1.799099854508656e-06	2.812613358334929e-06
185	13	B_gen_13	-	HLA02463	B*07:47	B	B*07:47		2.351237396064761e-05	0.0007933107387722067
186	14	B_gen_14	-	HLA03514	B*07:68:01	B	B*07:68	B*07:68P	3.0398583748594533e-06	1.4256778753639481e-05
187	15	B_gen_15	-	HLA00146	B*08:01:01:01	B	B*08:01	B*08:01P	0.08426706548682128	0.843085009673558
188	16	B_gen_16	-	HLA02219	B*08:01:02	B	B*08:01	B*08:01P	0.00023929838958762647	0.009399470355308866
189	17	B_gen_17	-	HLA02853	B*08:01:04	B	B*08:01	B*08:01P	6.268222595911963e-05	0.002711221248940765
190	18	B_gen_18	B*08:01:01:01	HLA00149	B*08:04:01	B	B*08:04	B*08:04P	4.652844451315489e-06	3.3922801301199606e-05
191	19	B_gen_19	-	HLA00976	B*08:09	B	B*08:09		5.099517518641776e-05	0.002090363368215017
192	20	B_gen_20	-	HLA01230	B*08:12:01	B	B*08:12	B*08:12P	7.630664900157401e-06	6.074059299862229e-05
193	21	B_gen_21	-	HLA01701	B*08:18	B	B*08:18		2.878559767213849e-05	0.0012475698998349524
194	22	B_gen_22	-	HLA00152	B*13:01:01:01	B	B*13:01	B*13:01P	0.0010919605547977278	0.03519316922667033
195	23	B_gen_23	-	HLA24715	B*13:01:01:03	B	B*13:01	B*13:01P	0.0010919605547977278	0.036285129781468056
196	24	B_gen_24	-	HLA00153	B*13:02:01:01	B	B*13:02	B*13:02P	0.02897817158861593	0.4493889559495148
197	25	B_gen_25	-	HLA22263	B*13:02:01:07	B	B*13:02	B*13:02P	2.6594366997548403e-06	5.47205005808977e-06
198	26	B_gen_26	-	HLA00157	B*14:01:01:01	B	B*14:01	B*14:01P	0.0057806939463143645	0.11389872478765167
199	27	B_gen_27	-	HLA00158	B*14:02:01:01	B	B*14:02	B*14:02P	0.019560896302624427	0.30115082669774834
200	28	B_gen_28	-	HLA13766	B*14:02:01:02	B	B*14:02	B*14:02P	0.0002535568517931001	0.009653027207101966
201	29	B_gen_29	-	HLA14822	B*14:02:01:03	B	B*14:02	B*14:02P	0.0005336633308725184	0.02035575793322913
202	30	B_gen_30	-	HLA02150	B*14:02:02	B	B*14:02	B*14:02P	7.501691138815051e-05	0.002991769809225025
203	31	B_gen_31	-	HLA00159	B*14:03	B	B*14:03		9.591063362311664e-05	0.004483494827598968
204	32	B_gen_32	-	HLA01052	B*14:06:02	B	B*14:06	B*14:06P	4.21857896919271e-06	2.926995684988413e-05
205	33	B_gen_33	-	HLA00162	B*15:01:01:01	B	B*15:01	B*15:01P	0.04646942070251567	0.5961289113978173
206	34	B_gen_34	-	HLA14080	B*15:01:01:04	B	B*15:01	B*15:01P	0.0027007492441872625	0.06680008981508095
207	35	B_gen_35	-	HLA15405	B*15:01:01:06	B	B*15:01	B*15:01P	0.0007756458732990718	0.02960597739745682
208	36	B_gen_36	B*15:01:01:01	HLA00164	B*15:01:02	B	B*15:01	B*15:01P	1.866126356035466e-05	0.0005373143343816481
209	37	B_gen_37	-	HLA00165	B*15:02:01:01	B	B*15:02	B*15:02P	0.002610369813040025	0.0640993405708937
210	38	B_gen_38	-	HLA00166	B*15:03:01:01	B	B*15:03	B*15:03P	1.6462246216302547e-05	0.00043325637135798725
211	39	B_gen_39	-	HLA14102	B*15:03:01:02	B	B*15:03	B*15:03P	0.002989738900391896	0.07533943134931426
212	40	B_gen_40	-	HLA00167	B*15:04:01:01	B	B*15:04	B*15:04P	7.748420189363186e-05	0.003146056963528371
213	41	B_gen_41	-	HLA14852	B*15:04:01:02	B	B*15:04	B*15:04P	0.00013629849116281048	0.006304352480785824
214	42	B_gen_42	-	HLA00168	B*15:05:01	B	B*15:05	B*15:05P	0.0003789896900411509	0.013459648109628096
215	43	B_gen_43	-	HLA00169	B*15:06	B	B*15:06		1.7742846841016392e-05	0.0005186530708212937
216	44	B_gen_44	-	HLA00170	B*15:07:01:01	B	B*15:07	B*15:07P	4.0470547361856466e-05	0.0017855846138574794
217	45	B_gen_45	-	HLA16679	B*15:07:01:02	B	B*15:07	B*15:07P	0.0004488846130644981	0.016898450567107932
218	46	B_gen_46	-	HLA00171	B*15:08:01	B	B*15:08	B*15:08P	0.000498846963107038	0.018797757537596826
219	47	B_gen_47	-	HLA00172	B*15:09:01	B	B*15:09	B*15:09P	0.00030442010296806806	0.01131893476211712
220	48	B_gen_48	-	HLA00173	B*15:10:01:01	B	B*15:10	B*15:10P	0.0014472827760631873	0.04431709978741726
221	49	B_gen_49	-	HLA00174	B*15:11:01	B	B*15:11	B*15:11P	0.0001946129739170225	0.008024664169252203
222	50	B_gen_50	B*15:01:01:01	HLA02781	B*15:125:01	B	B*15:125	B*15:125P	2.053455351180569e-05	0.0006182406997524782
223	51	B_gen_51	-	HLA00175	B*15:12:01	B	B*15:12	B*15:12P	0.00013468433738407902	0.0061680539896230135
224	52	B_gen_52	-	HLA00176	B*15:13:01	B	B*15:13	B*15:13P	0.0001835081851598829	0.007080695086969317
225	53	B_gen_53	-	HLA00178	B*15:15:01:01	B	B*15:15	B*15:15P	0.0004582121215655494	0.017807621227247442
226	54	B_gen_54	-	HLA14806	B*15:16:01:02	B	B*15:16	B*15:16P	0.0009530071295253852	0.0331143713827116
227	55	B_gen_55	-	HLA06327	B*15:16:02:01	B	B*15:16	B*15:16P	1.0120967723426995e-06	1.0135135038262729e-06
228	56	B_gen_56	-	HLA00180	B*15:17:01:01	B	B*15:17	B*15:17P	0.005028980396759833	0.0914067719859753
229	57	B_gen_57	-	HLA00181	B*15:18:01:01	B	B*15:18	B*15:18P	0.0028015086631000643	0.07234969244892236
230	58	B_gen_58	-	HLA00183	B*15:20	B	B*15:20	B*15:20P	5.812953667843485e-05	0.002526324308727092
231	59	B_gen_59	-	HLA06273	B*15:220:01:01	B	B*15:220	B*15:03P	0.0003615897051799704	0.012706011384367022
232	60	B_gen_60	-	HLA00186	B*15:23	B	B*15:23		3.225972152912073e-05	0.0013716457518700325
233	61	B_gen_61	-	HLA00187	B*15:24:01	B	B*15:24	B*15:24P	0.0003464197788819425	0.011997443558970951
234	62	B_gen_62	-	HLA00188	B*15:25:01:01	B	B*15:25	B*15:25P	0.0006261487872950298	0.02392927333084608
235	63	B_gen_63	-	HLA00190	B*15:27:01	B	B*15:27	B*15:27P	0.00011609446146967771	0.0055383423312135955
236	64	B_gen_64	-	HLA03103	B*15:27:02	B	B*15:27	B*15:27P	1.4495372797243665e-05	0.0002603344757254492
237	65	B_gen_65	-	HLA00192	B*15:29:01:01	B	B*15:29	B*15:29P	0.0001245101175172025	0.005781061407125599
238	66	B_gen_66	-	HLA00193	B*15:30:01:01	B	B*15:30	B*15:30P	9.414255273161674e-05	0.0041976550834731535
239	67	B_gen_67	-	HLA17683	B*15:30:01:02	B	B*15:30	B*15:30P	9.414255273161674e-05	0.0042917976362047685
240	68	B_gen_68	-	HLA00194	B*15:31:01:01	B	B*15:31	B*15:31P	2.8103180485945564e-05	0.0011329858504805564
241	69	B_gen_69	-	HLA00195	B*15:32:01	B	B*15:32	B*15:32P	9.249854769215192e-05	0.004103512530741536
242	70	B_gen_70	-	HLA00196	B*15:33	B	B*15:33		4.131725872768154e-05	0.0018681570933868246
243	71	B_gen_71	-	HLA00197	B*15:34	B	B*15:34		7.680295240971434e-05	0.003068572761634739
244	72	B_gen_72	-	HLA00198	B*15:35	B	B*15:35		0.0003746470352199232	0.013080658419586944
245	73	B_gen_73	-	HLA00200	B*15:37	B	B*15:37		2.6552232335507054e-05	0.0009954303017373515
246	74	B_gen_74	-	HLA00201	B*15:38:01	B	B*15:38	B*15:38P	1.5633557356420044e-05	0.0003358966696148127
247	75	B_gen_75	-	HLA00202	B*15:39:01:01	B	B*15:39	B*15:39P	0.00014609931577130636	0.0065884241440201385
248	76	B_gen_76	-	HLA00203	B*15:40:01	B	B*15:40	B*15:40P	2.8041142559928016e-05	0.0011048826699946107
249	77	B_gen_77	-	HLA00208	B*15:45	B	B*15:45		1.0856637053069477e-05	0.00011154965440698745
250	78	B_gen_78	-	HLA00210	B*15:47:01	B	B*15:47	B*15:47P	1.4082609205981546e-05	0.0002026833677267535
251	79	B_gen_79	-	HLA00211	B*15:48	B	B*15:48		1.0794599127051936e-05	0.00010069301735391795
252	80	B_gen_80	-	HLA01561	B*15:71	B	B*15:71		2.3946639442770385e-05	0.0008172573782149773
253	81	B_gen_81	-	HLA01611	B*15:73:01:01	B	B*15:73	B*15:73P	1.4454836762086789e-05	0.00024583910292820554
254	82	B_gen_82	-	HLA01690	B*15:75	B	B*15:75		1.333815409377107e-05	0.00016105591936898422
255	83	B_gen_83	-	HLA01801	B*15:82	B	B*15:82		2.7296687447717537e-05	0.0010768415274346828
256	84	B_gen_84	-	HLA00213	B*18:01:01:01	B	B*18:01	B*18:01P	0.01957233666610421	0.3207231633638525
257	85	B_gen_85	-	HLA07768	B*18:01:01:02	B	B*18:01	B*18:01P	0.02524059014207461	0.39152223504579775
258	86	B_gen_86	-	HLA14812	B*18:01:01:03	B	B*18:01	B*18:01P	0.0005003027036896323	0.01929806024128646
259	87	B_gen_87	-	HLA01565	B*18:01:02	B	B*18:01	B*18:01P	1.7138574035713505e-05	0.000483539604695366
260	88	B_gen_88	-	HLA00214	B*18:02:01	B	B*18:02	B*18:02P	0.00010974509112502802	0.005193079771035125
261	89	B_gen_89	-	HLA00215	B*18:03:01:01	B	B*18:03	B*18:03P	0.0009032101648893627	0.03216136425318622
262	90	B_gen_90	-	HLA00216	B*18:04:01	B	B*18:04	B*18:04P	5.484152659950522e-05	0.0023001960683931588
263	91	B_gen_91	-	HLA00217	B*18:05:01:01	B	B*18:05	B*18:05P	0.00013797234746300866	0.0064423248282488325
264	92	B_gen_92	-	HLA00219	B*18:07:01	B	B*18:07	B*18:07P	1.656412624668314e-05	0.0004498204976046704
265	93	B_gen_93	-	HLA01281	B*18:12:01	B	B*18:12	B*18:12P	3.4741238569822326e-06	2.0956874763533786e-05
266	94	B_gen_94	-	HLA01506	B*18:14	B	B*18:14		1.4640950540139405e-05	0.00028961637680572787
267	95	B_gen_95	-	HLA01613	B*18:18:01:01	B	B*18:18	B*18:18P	3.064673545266469e-05	0.001307498536367896
268	96	B_gen_96	-	HLA00220	B*27:01	B	B*27:01		1.737061928491116e-05	0.0005009102239802772
269	97	B_gen_97	-	HLA00221	B*27:02:01:01	B	B*27:02	B*27:02P	0.006579829128145236	0.13822257947740765
270	98	B_gen_98	-	HLA17616	B*27:02:01:04	B	B*27:02	B*27:02P	2.8911257238834236e-06	1.1216920378780026e-05
271	99	B_gen_99	-	HLA00222	B*27:03	B	B*27:03		0.00026279265461029883	0.009915819861712263
272	100	B_gen_100	-	HLA00223	B*27:04:01	B	B*27:04	B*27:04P	0.0004043011638563072	0.013863949273484404
273	101	B_gen_101	-	HLA00225	B*27:05:02:01	B	B*27:05	B*27:05P	0.02888854931510114	0.4204107843608989
274	102	B_gen_102	-	HLA00226	B*27:05:03	B	B*27:05	B*27:05P	0.000612283606093576	0.022681409377122045
275	103	B_gen_103	-	HLA00227	B*27:06:01:01	B	B*27:06	B*27:06P	0.0001848730195322688	0.007450130936403765
276	104	B_gen_104	-	HLA00228	B*27:07:01	B	B*27:07	B*27:07P	0.0007257196585531813	0.026610180265768047
277	105	B_gen_105	-	HLA00229	B*27:08	B	B*27:08		3.815332450078701e-05	0.0015460343619053368
278	106	B_gen_106	-	HLA00230	B*27:09	B	B*27:09		0.00010819414297458951	0.005083334679910097
279	107	B_gen_107	-	HLA00231	B*27:10	B	B*27:10		4.038668983741845e-05	0.0017451140664956227
280	108	B_gen_108	-	HLA17630	B*27:12:01:02	B	B*27:12	B*27:12P	9.578655777108154e-05	0.004387584193975851
281	109	B_gen_109	-	HLA00235	B*27:14	B	B*27:14		0.00010025328844434441	0.004975140536935508
282	110	B_gen_110	-	HLA00237	B*35:01:01:01	B	B*35:01	B*35:01P	0.05266808989940674	0.6487970012972241
283	111	B_gen_111	-	HLA00238	B*35:02:01:01	B	B*35:02	B*35:02P	0.00977964764629553	0.16274020498013395
284	112	B_gen_112	-	HLA02143	B*35:02:02	B	B*35:02	B*35:02P	0.0004912893472423499	0.018298910574489787
285	113	B_gen_113	-	HLA00239	B*35:03:01:01	B	B*35:03	B*35:03P	0.023380357254082273	0.3662816449037232
286	114	B_gen_114	-	HLA00240	B*35:04:01:01	B	B*35:04	B*35:04P	0.00016080230423746333	0.006897186901809434
287	115	B_gen_115	-	HLA00241	B*35:05:01:01	B	B*35:05	B*35:05P	0.0006217151664290043	0.02330312454355105
288	116	B_gen_116	-	HLA16388	B*35:05:01:02	B	B*35:05	B*35:05P	0.0002681704205332228	0.010449574643526577
289	117	B_gen_117	-	HLA16813	B*35:05:01:03	B	B*35:05	B*35:05P	4.3971313379800343e-05	0.001995259227630129
290	118	B_gen_118	-	HLA00242	B*35:06	B	B*35:06		3.623014879424328e-05	0.00150788103740455
291	119	B_gen_119	-	HLA00244	B*35:08:01:01	B	B*35:08	B*35:08P	0.005647283495532697	0.10811803084133732
292	120	B_gen_120	-	HLA02506	B*35:08:02	B	B*35:08	B*35:08P	2.0315311651693572e-05	0.0005772956685809019
293	121	B_gen_121	-	HLA00245	B*35:09:01	B	B*35:09	B*35:09P	0.00012525457262941298	0.005906315979755012
294	122	B_gen_122	-	HLA00247	B*35:10	B	B*35:10		3.312825249336628e-05	0.0014375920672266773
295	123	B_gen_123	-	HLA00248	B*35:11:01	B	B*35:11	B*35:11P	2.4008677368787923e-05	0.0008412660555837651
296	124	B_gen_124	-	HLA00249	B*35:12:01:01	B	B*35:12	B*35:12P	0.0009868372891610065	0.034101208671872614
297	125	B_gen_125	-	HLA00251	B*35:14:01	B	B*35:14	B*35:14P	0.00014796045355183258	0.006736384597571971
298	126	B_gen_126	-	HLA00252	B*35:15:01	B	B*35:15	B*35:15P	2.853744596806833e-06	8.325794654896602e-06
299	127	B_gen_127	-	HLA00253	B*35:16	B	B*35:16		8.610864131234532e-05	0.003568659315559853
300	128	B_gen_128	-	HLA00254	B*35:17:01	B	B*35:17	B*35:17P	0.0007283872893719355	0.027338567555139984
301	129	B_gen_129	-	HLA00256	B*35:19	B	B*35:19		0.00011390163216820315	0.005306981403203328
302	130	B_gen_130	-	HLA00257	B*35:20:01	B	B*35:20	B*35:20P	0.0001270536724839216	0.006033369652238933
303	131	B_gen_131	-	HLA00258	B*35:21	B	B*35:21		4.007650020733075e-05	0.0016644647626728208
304	132	B_gen_132	-	HLA00259	B*35:22:01:01	B	B*35:22	B*35:22P	2.3202184330559906e-05	0.000769798364811559
305	133	B_gen_133	-	HLA00260	B*35:23	B	B*35:23		1.966602254756013e-05	0.0005569803569292084
306	134	B_gen_134	-	HLA00261	B*35:24:01	B	B*35:24	B*35:24P	1.3772419575893854e-05	0.0001748283389448781
307	135	B_gen_135	-	HLA00981	B*35:28:01:01	B	B*35:28	B*35:28P	2.1651236180121413e-05	0.0007019294658337162
308	136	B_gen_136	-	HLA00982	B*35:29:01	B	B*35:29	B*35:29P	1.1911281795367653e-05	0.00013506202836763504
309	137	B_gen_137	-	HLA01057	B*35:30:01:01	B	B*35:30	B*35:30P	3.188749397301549e-05	0.0013393860303409116
310	138	B_gen_138	-	HLA01058	B*35:31	B	B*35:31		1.4640950540139405e-05	0.00027497542626558853
311	139	B_gen_139	B*35:68:02	HLA01059	B*35:32:01	B	B*35:32	B*35:32P	6.326451722305491e-06	4.02492530235051e-05
312	140	B_gen_140	-	HLA22749	B*35:32:03	B	B*35:32	B*35:32P	1.4167314835736265e-09	1.4167314835736265e-09
313	141	B_gen_141	-	HLA01563	B*35:41	B	B*35:41		5.68267402320665e-05	0.002468194772048657
314	142	B_gen_142	-	HLA00185	B*35:43:01	B	B*35:43	B*35:43P	0.0004366229233114455	0.0155606245121381
315	143	B_gen_143	-	HLA02031	B*35:55	B	B*35:55		1.2655736907578129e-05	0.00014771776527521316
316	144	B_gen_144	-	HLA03262	B*35:68:02	B	B*35:68	B*35:68P	3.2259721529120723e-06	1.748275090655155e-05
317	145	B_gen_145	-	HLA00265	B*37:01:01:01	B	B*37:01	B*37:01P	0.013324319636269158	0.22178691024368155
318	146	B_gen_146	-	HLA00266	B*37:02	B	B*37:02		3.933204509512027e-05	0.0016243882624654901
319	147	B_gen_147	B*37:01:01:01	HLA01346	B*37:04:01	B	B*37:04	B*37:04P	2.0782309099452365e-05	0.0006802782296535947
320	148	B_gen_148	-	HLA04738	B*37:04:02	B	B*37:04	B*37:04P	6.328264570212557e-06	4.657751759371766e-05
321	149	B_gen_149	-	HLA00267	B*38:01:01:01	B	B*38:01	B*38:01P	0.02217812428578838	0.3429012876496409
322	150	B_gen_150	-	HLA00268	B*38:02:01:01	B	B*38:02	B*38:02P	0.0016165867884382914	0.05060765415918648
323	151	B_gen_151	-	HLA00269	B*38:02:02:01	B	B*38:02	B*38:02P	9.243399749289643e-05	0.004011013983049384
324	152	B_gen_152	-	HLA01655	B*38:09	B	B*38:09		3.4058821383629385e-05	0.0014716508886103063
325	153	B_gen_153	-	HLA08053	B*39:01:01:03	B	B*39:01	B*39:01P	0.011543503133748115	0.18423100479634366
326	154	B_gen_154	-	HLA00273	B*39:01:03:01	B	B*39:01	B*39:01P	6.532410504747216e-06	5.310992809846488e-05
327	155	B_gen_155	-	HLA01123	B*39:01:04	B	B*39:01	B*39:01P	2.2767326763091426e-05	0.0007465961804809993
328	156	B_gen_156	-	HLA00274	B*39:02:01	B	B*39:02	B*39:02P	1.4432175455331049e-05	0.0002313842661661187
329	157	B_gen_157	-	HLA00275	B*39:02:02:01	B	B*39:02	B*39:02P	0.0002721210048196856	0.010721695648346262
330	158	B_gen_158	-	HLA00276	B*39:03:01:01	B	B*39:03	B*39:03P	0.00023487558790240585	0.008921387988479728
331	159	B_gen_159	-	HLA00278	B*39:05:01:01	B	B*39:05	B*39:05P	0.0015887912853091962	0.04899106737074819
332	160	B_gen_160	-	HLA00279	B*39:06:01	B	B*39:06	B*39:06P	0.00011820895839480233	0.005656551289608397
333	161	B_gen_161	-	HLA00280	B*39:06:02:01	B	B*39:06	B*39:06P	0.0013013288012698136	0.03877456241338128
334	162	B_gen_162	-	HLA16287	B*39:06:02:02	B	B*39:06	B*39:06P	0.0037095718496875274	0.08228961634051161
335	163	B_gen_163	-	HLA00282	B*39:08	B	B*39:08		0.00018456282990218111	0.007265257916871499
336	164	B_gen_164	-	HLA00283	B*39:09:01:01	B	B*39:09	B*39:09P	0.0002928190108027881	0.011014514659149051
337	165	B_gen_165	-	HLA00284	B*39:10:01	B	B*39:10	B*39:10P	0.0004264487034445689	0.01469749084745607
338	166	B_gen_166	-	HLA00285	B*39:11	B	B*39:11		8.641883094243302e-05	0.003655078146502286
339	167	B_gen_167	-	HLA00286	B*39:12:01:01	B	B*39:12	B*39:12P	1.5509481504384965e-05	0.0003202631122583926
340	168	B_gen_168	-	HLA00287	B*39:13:01	B	B*39:13	B*39:13P	4.026261398538337e-05	0.0017047273766582045
341	169	B_gen_169	-	HLA18088	B*39:14:01:02	B	B*39:14	B*39:14P	2.866152182010342e-05	0.001218784302162814
342	170	B_gen_170	-	HLA00289	B*39:15	B	B*39:15		2.053455351180569e-05	0.0006387752532642841
343	171	B_gen_171	-	HLA01183	B*39:20	B	B*39:20		1.3772419575893854e-05	0.000188600758520772
344	172	B_gen_172	-	HLA01221	B*39:24:01	B	B*39:24	B*39:24P	0.0005240343610701593	0.019822094602356614
345	173	B_gen_173	-	HLA01926	B*39:31:01:01	B	B*39:31	B*39:31P	8.896238590915216e-05	0.003918579985556486
346	174	B_gen_174	-	HLA00292	B*40:01:02:01	B	B*40:01	B*40:01P	0.038993244558388616	0.5496594906953016
347	175	B_gen_175	-	HLA01800	B*40:01:04	B	B*40:01	B*40:01P	0.0005654250804737348	0.020921183013702868
348	176	B_gen_176	-	HLA00293	B*40:02:01:01	B	B*40:02	B*40:02P	0.01532963355686012	0.2661998253698782
349	177	B_gen_177	-	HLA00294	B*40:03:01:01	B	B*40:03	B*40:03P	2.555962551922642e-05	0.0009425119508443902
350	178	B_gen_178	-	HLA17226	B*40:03:01:02	B	B*40:03	B*40:03P	2.555962551922642e-05	0.0009169523253251637
351	179	B_gen_179	-	HLA00295	B*40:04:01	B	B*40:04	B*40:04P	0.00021347250342635465	0.008238136672678559
352	180	B_gen_180	-	HLA00296	B*40:05:01:01	B	B*40:05	B*40:05P	0.00026558436128108813	0.010181404222993351
353	181	B_gen_181	-	HLA00297	B*40:06:01:01	B	B*40:06	B*40:06P	0.0015588449004883364	0.04740227608543899
354	182	B_gen_182	-	HLA01430	B*40:06:01:02	B	B*40:06	B*40:06P	0.005615886874557866	0.1024707473458046
355	183	B_gen_183	-	HLA06882	B*40:06:04:01	B	B*40:06	B*40:06P	1.658053305498208e-05	0.00046640103065965247
356	184	B_gen_184	-	HLA00299	B*40:08	B	B*40:08		0.0001944268601389699	0.007830051195335181
357	185	B_gen_185	-	HLA00301	B*40:10:01:01	B	B*40:10	B*40:10P	5.136740274252301e-05	0.0021417307709575405
358	186	B_gen_186	-	HLA00302	B*40:11:01:01	B	B*40:11	B*40:11P	7.357698025680227e-05	0.0029167528978368737
359	187	B_gen_187	-	HLA00303	B*40:12:01	B	B*40:12	B*40:12P	4.1689486283786784e-05	0.0019512879142503286
360	188	B_gen_188	-	HLA00304	B*40:13	B	B*40:13		2.928190108027881e-05	0.0012768518009152313
361	189	B_gen_189	-	HLA00307	B*40:16:01:01	B	B*40:16	B*40:16P	4.144133457971663e-05	0.0019095984279665413
362	190	B_gen_190	-	HLA00311	B*40:20:01:01	B	B*40:20	B*40:20P	1.6253936616595444e-05	0.0003841621760564587
363	191	B_gen_191	-	HLA01062	B*40:23	B	B*40:23		6.476759476231161e-05	0.002775988843703077
364	192	B_gen_192	-	HLA01122	B*40:26	B	B*40:26		2.0410477659770613e-05	0.0005977061462406726
365	193	B_gen_193	-	HLA01129	B*40:27:01	B	B*40:27	B*40:27P	8.579845168225762e-05	0.0034825506742475077
366	194	B_gen_194	-	HLA01269	B*40:32	B	B*40:32		1.0174219866876536e-05	7.916585702583163e-05
367	195	B_gen_195	-	HLA01899	B*40:50:01:01	B	B*40:50	B*40:50P	3.902185546503257e-05	0.0015850562173703696
368	196	B_gen_196	-	HLA00312	B*41:01:01:01	B	B*41:01	B*41:01P	0.00591643292844074	0.12560106284819225
369	197	B_gen_197	-	HLA00313	B*41:02:01:01	B	B*41:02	B*41:02P	0.005785905132099836	0.11968462991975153
370	198	B_gen_198	-	HLA00314	B*41:03:01	B	B*41:03	B*41:03P	2.072066728985832e-05	0.0006594959205541424
371	199	B_gen_199	-	HLA00315	B*42:01:01:01	B	B*42:01	B*42:01P	0.0019260294511405426	0.052533683610327016
372	200	B_gen_200	-	HLA13483	B*42:02:01:02	B	B*42:02	B*42:02P	0.0004070928705270965	0.0142710421440115
373	201	B_gen_201	-	HLA00318	B*44:02:01:01	B	B*44:02	B*44:02P	0.05597658032986117	0.7588179441867368
374	202	B_gen_202	-	HLA08401	B*44:02:01:03	B	B*44:02	B*44:02P	0.005448088485271433	0.09685486047124674
375	203	B_gen_203	-	HLA00319	B*44:03:01:01	B	B*44:03	B*44:03P	0.029948075510614493	0.4793370314601294
376	204	B_gen_204	-	HLA14090	B*44:03:01:02	B	B*44:03	B*44:03P	0.0008269481989547233	0.03125815408829686
377	205	B_gen_205	-	HLA00320	B*44:03:02:01	B	B*44:03	B*44:03P	0.01200812917198078	0.1962391339683245
378	206	B_gen_206	-	HLA00321	B*44:04	B	B*44:04		0.0004265107413705865	0.015124001588826656
379	207	B_gen_207	-	HLA00322	B*44:05:01:01	B	B*44:05	B*44:05P	0.0040881752487038426	0.08637779158921546
380	208	B_gen_208	-	HLA00323	B*44:06	B	B*44:06		6.265830527771525e-05	0.002648539022981645
381	209	B_gen_209	-	HLA00325	B*44:08	B	B*44:08		1.4268722984034168e-05	0.00021695209071078767
382	210	B_gen_210	-	HLA00326	B*44:09	B	B*44:09		1.6315974542612982e-05	0.0004004781505990717
383	211	B_gen_211	-	HLA00327	B*44:10	B	B*44:10		4.410896539847084e-05	0.0020393681930286
384	212	B_gen_212	-	HLA01068	B*44:15:01:01	B	B*44:15	B*44:15P	8.251044160332801e-06	6.899163715895509e-05
385	213	B_gen_213	-	HLA01489	B*44:27:01:01	B	B*44:27	B*44:02P	0.0015263313975333952	0.045843431184950656
386	214	B_gen_214	-	HLA01526	B*44:29	B	B*44:29	B*44:29P	8.325489671553849e-05	0.0033123186052553787
387	215	B_gen_215	-	HLA00329	B*45:01:01:01	B	B*45:01	B*45:01P	0.006041687501070154	0.1316427503492624
388	216	B_gen_216	-	HLA00331	B*46:01:01:01	B	B*46:01	B*46:01P	0.0021496141365077567	0.056622033423851664
389	217	B_gen_217	-	HLA14088	B*47:01:01:03	B	B*47:01	B*47:01P	0.002580591608551605	0.06148897075785367
390	218	B_gen_218	-	HLA00333	B*47:02	B	B*47:02		6.718707387699567e-05	0.0028431759175800717
391	219	B_gen_219	-	HLA00334	B*47:03	B	B*47:03		3.2818062863278585e-05	0.0014044638147333107
392	220	B_gen_220	-	HLA00335	B*48:01:01:01	B	B*48:01	B*48:01P	0.002286345725450414	0.058908379149302074
393	221	B_gen_221	-	HLA00336	B*48:02:01	B	B*48:02	B*48:02P	9.795788518169544e-05	0.004678045763589973
394	222	B_gen_222	-	HLA00337	B*48:03:01:01	B	B*48:03	B*48:03P	0.00011526646654058908	0.005422247869743917
395	223	B_gen_223	-	HLA00338	B*48:04:01:01	B	B*48:04	B*48:04P	0.0002387839772415109	0.00916017196572124
396	224	B_gen_224	-	HLA00340	B*49:01:01:01	B	B*49:01	B*49:01P	0.014974776620039787	0.2508701918130181
397	225	B_gen_225	-	HLA00341	B*50:01:01:01	B	B*50:01	B*50:01P	0.00994729668246164	0.1726875016625956
398	226	B_gen_226	-	HLA16418	B*50:01:01:02	B	B*50:01	B*50:01P	0.0019387356770168738	0.0544724192873439
399	227	B_gen_227	-	HLA00342	B*50:02:01:01	B	B*50:02	B*50:02P	0.000444377664063638	0.016005002176201738
400	228	B_gen_228	-	HLA00344	B*51:01:01:01	B	B*51:01	B*51:01P	0.05404436255965148	0.7028413638568756
401	229	B_gen_229	-	HLA00345	B*51:01:02:01	B	B*51:01	B*51:01P	0.00023404578539255766	0.008686512400577322
402	230	B_gen_230	-	HLA00346	B*51:02:01:01	B	B*51:02	B*51:02P	0.0004509585385739608	0.01734940910568189
403	231	B_gen_231	-	HLA00347	B*51:02:02	B	B*51:02	B*51:02P	9.820118253330194e-05	0.004776246946123275
404	232	B_gen_232	-	HLA00350	B*51:05	B	B*51:05		0.00034697812021610043	0.012344421679187052
405	233	B_gen_233	-	HLA00351	B*51:06:01	B	B*51:06	B*51:06P	0.0006327868453789067	0.024562060176224983
406	234	B_gen_234	-	HLA00352	B*51:07:01	B	B*51:07	B*51:07P	0.000746006060360917	0.02883033152415775
407	235	B_gen_235	-	HLA00353	B*51:08:01:01	B	B*51:08	B*51:08P	0.0013797234746300866	0.04286981701135408
408	236	B_gen_236	-	HLA00354	B*51:09:01	B	B*51:09	B*51:09P	0.00018549339879244417	0.007635624335196211
409	237	B_gen_237	-	HLA00358	B*51:13:01	B	B*51:13	B*51:13P	2.189938788419157e-05	0.0007238288537179077
410	238	B_gen_238	-	HLA00359	B*51:14	B	B*51:14		2.8537445968068337e-05	0.0011615232964486248
411	239	B_gen_239	-	HLA01073	B*51:19	B	B*51:19		2.717261159568245e-05	0.0010495448399869653
412	240	B_gen_240	-	HLA01243	B*51:22	B	B*51:22		2.5311473815156257e-05	0.0008913926998059373
413	241	B_gen_241	-	HLA02620	B*51:43	B	B*51:43		1.0732561201034396e-05	8.989841822686602e-05
414	242	B_gen_242	-	HLA00362	B*52:01:01:01	B	B*52:01	B*52:01P	0.015390105025245716	0.2815899303951239
415	243	B_gen_243	-	HLA00363	B*52:01:02:01	B	B*52:01	B*52:01P	0.0011881038306434106	0.03747323361211147
416	244	B_gen_244	-	HLA01580	B*52:04	B	B*52:04		9.659305080930956e-05	0.0045800878784082785
417	245	B_gen_245	-	HLA00364	B*53:01:01:01	B	B*53:01	B*53:01P	0.00695110145856127	0.14517368093596889
418	246	B_gen_246	-	HLA01178	B*53:05:01	B	B*53:05	B*53:05P	1.6253936616595444e-05	0.0003679082394398632
419	247	B_gen_247	-	HLA00367	B*54:01:01:01	B	B*54:01	B*54:01P	0.0007457579086568468	0.02808432546379683
420	248	B_gen_248	-	HLA00368	B*55:01:01:01	B	B*55:01	B*55:01P	0.014108504949296745	0.2358954151929783
421	249	B_gen_249	-	HLA02324	B*55:01:03	B	B*55:01	B*55:01P	0.00021432994250620557	0.008452466615184766
422	250	B_gen_250	B*55:01:01:01	HLA02335	B*55:01:04	B	B*55:01	B*55:01P	5.141460438705454e-05	0.002193145375344595
423	251	B_gen_251	-	HLA00369	B*55:02:01:01	B	B*55:02	B*55:02P	0.0005796823807078925	0.02206912577102847
424	252	B_gen_252	-	HLA00371	B*55:04	B	B*55:04		1.6315974542612982e-05	0.0004167941251416847
425	253	B_gen_253	-	HLA12582	B*56:01:01:02	B	B*56:01	B*56:01P	0.007786876397869567	0.15296055733383845
426	254	B_gen_254	-	HLA00377	B*56:02:01:01	B	B*56:02	B*56:02P	4.1255220801664005e-05	0.0018268398346591433
427	255	B_gen_255	-	HLA00378	B*56:03	B	B*56:03		2.4815170407015947e-05	0.0008660812259907812
428	256	B_gen_256	-	HLA00379	B*56:04:01:01	B	B*56:04	B*56:04P	8.443361730987175e-05	0.00339675222256525
429	257	B_gen_257	-	HLA00381	B*57:01:01:01	B	B*57:01	B*57:01P	0.031329214676783644	0.5106662461369129
430	258	B_gen_258	-	HLA00382	B*57:02:01	B	B*57:02	B*57:02P	0.0004445637778416906	0.01644956595404343
431	259	B_gen_259	-	HLA00383	B*57:03:01:01	B	B*57:03	B*57:03P	0.0005682603766177072	0.02148944339032057
432	260	B_gen_260	-	HLA14808	B*57:03:01:02	B	B*57:03	B*57:03P	0.0013588857571911507	0.04149009353672399
433	261	B_gen_261	-	HLA00384	B*57:04:01	B	B*57:04	B*57:04P	5.955640897683826e-05	0.00258588071770393
434	262	B_gen_262	-	HLA00386	B*58:01:01:01	B	B*58:01	B*58:01P	0.012223456639087912	0.2084625906074124
435	263	B_gen_263	-	HLA00387	B*58:02:01:01	B	B*58:02	B*58:02P	0.0013566453661515616	0.040131207779532836
436	264	B_gen_264	-	HLA00389	B*59:01:01:01	B	B*59:01	B*59:01P	8.300674501146834e-05	0.0032290637085398395
437	265	B_gen_265	-	HLA00390	B*67:01:01	B	B*67:01	B*67:01P	8.68798636822654e-05	0.0037419580101845508
438	266	B_gen_266	-	HLA00391	B*67:01:02	B	B*67:01	B*67:01P	5.220916644905898e-05	0.002245354541793654
439	267	B_gen_267	-	HLA00392	B*73:01:01:01	B	B*73:01	B*73:01P	0.0006530112092606246	0.02521507138548561
440	268	B_gen_268	-	HLA16309	B*78:01:01:02	B	B*78:01	B*78:01P	0.0003320890179718909	0.011651023780089007
441	269	B_gen_269	-	HLA00395	B*78:02:02	B	B*78:02	B*78:02P	1.1601092165279955e-05	0.0001231507465722674
442	270	B_gen_270	-	HLA00398	B*81:01:01:01	B	B*81:01	B*81:01P	0.0006693892217292551	0.02588446060721487
443	271	B_gen_271	-	HLA00399	B*82:01:01:01	B	B*82:01	B*82:01P	8.765958946278382e-05	0.0038296175996473353
444	272	B_gen_272	-	HLA01188	B*82:02:01:01	B	B*82:02	B*82:02P	1.5137253948279727e-05	0.0003047536307540077
445	0	C_gen_0	-	HLA00401	C*01:02:01:01	C	C*01:02	C*01:02P	0.03075264866003475	0.2881172204262393
446	1	C_gen_1	-	HLA02044	C*01:02:03	C	C*01:02	C*01:02P	4.390656717388946e-05	0.0014732307018129225
447	2	C_gen_2	C*01:02:01:01	HLA04275	C*01:02:08	C	C*01:02	C*01:02P	2.670706991283795e-05	0.0007156922683990293
448	3	C_gen_3	-	HLA12437	C*01:02:30:01	C	C*01:02	C*01:02P	0.0042763225086458675	0.03256454747739638
449	4	C_gen_4	-	HLA00402	C*01:03	C	C*01:03	C*01:03P	8.007070820847125e-05	0.0020027037877261814
450	5	C_gen_5	C*01:02:01:01	HLA01644	C*01:07:01	C	C*01:07	C*01:07P	1.0353970889026453e-05	8.056903264169083e-05
451	6	C_gen_6	-	HLA01636	C*01:08	C	C*01:08		1.0542224905190573e-05	0.00010152797977462923
452	7	C_gen_7	-	HLA02813	C*01:17	C	C*01:17		3.2693447473835045e-05	0.001095758227480151
453	8	C_gen_8	C*01:02:01:01	HLA04289	C*01:32:01	C	C*01:32	C*01:32P	1.0291219550305079e-05	7.021506175266437e-05
454	9	C_gen_9	-	HLA00405	C*02:02:02:01	C	C*02:02	C*02:02P	0.04047473252628341	0.3625382041123985
455	10	C_gen_10	-	HLA10679	C*02:02:02:02	C	C*02:02	C*02:02P	0.002281007838183223	0.022521045433668396
456	11	C_gen_11	-	HLA03731	C*02:02:07	C	C*02:02	C*02:02P	1.6084726523352225e-05	0.00027439357962087305
457	12	C_gen_12	-	HLA01673	C*02:06:01	C	C*02:06	C*02:06P	7.31053096103989e-05	0.001845950943600193
458	13	C_gen_13	-	HLA01715	C*02:07	C	C*02:07		1.769587751942703e-05	0.00034335730087566143
459	14	C_gen_14	-	HLA01739	C*02:08	C	C*02:08		1.4872067276965272e-05	0.000242997526449506
460	15	C_gen_15	-	HLA02120	C*02:10:01:01	C	C*02:10	C*02:02P	0.002584866018756022	0.025105911452424412
461	16	C_gen_16	-	HLA14218	C*02:10:01:02	C	C*02:10	C*02:02P	0.00018327317846712285	0.002827246642835793
462	17	C_gen_17	-	HLA01543	C*03:02:02:01	C	C*03:02	C*03:02P	0.0077728200734002405	0.07995837180474362
463	18	C_gen_18	-	HLA00411	C*03:03:01:01	C	C*03:03	C*03:03P	0.04229094880329302	0.4048291529156916
464	19	C_gen_19	-	HLA00412	C*03:03:02	C	C*03:03	C*03:03P	2.902487358096289e-05	0.0008829560535793758
465	20	C_gen_20	-	HLA01855	C*03:03:04	C	C*03:03	C*03:03P	3.6677949342645336e-05	0.0013023668020802734
466	21	C_gen_21	-	HLA00413	C*03:04:01:01	C	C*03:04	C*03:04P	0.05896232144381909	0.5651684362968037
467	22	C_gen_22	-	HLA00414	C*03:04:02:01	C	C*03:04	C*03:04P	0.0016863944247675485	0.016350960626889392
468	23	C_gen_23	-	HLA02356	C*03:04:04	C	C*03:04	C*03:04P	8.516731289368651e-05	0.002169761597651259
469	24	C_gen_24	-	HLA00415	C*03:05	C	C*03:05	C*03:05P	0.0006313412188757281	0.007765869700706503
470	25	C_gen_25	-	HLA00416	C*03:06:01	C	C*03:06	C*03:06P	0.00040819745838252785	0.0061902728009547185
471	26	C_gen_26	-	HLA00417	C*03:07:01:01	C	C*03:07	C*03:07P	2.6857572972747407e-05	0.0007425498413717766
472	27	C_gen_27	-	HLA00418	C*03:08	C	C*03:08		1.6315348067556835e-05	0.0002907089276884299
473	28	C_gen_28	-	HLA00419	C*03:09	C	C*03:09		1.3993548534866055e-05	0.00021349647113604663
474	29	C_gen_29	-	HLA01076	C*03:10	C	C*03:10		1.7633126180705653e-05	0.0003256614233562344
475	30	C_gen_30	C*03:03:01:01	HLA02375	C*03:11:02	C	C*03:11	C*03:11P	4.706350404102934e-06	2.810891347062347e-05
476	31	C_gen_31	-	HLA01425	C*03:14	C	C*03:14	C*03:14P	3.4952495667804456e-05	0.001265688852737628
477	32	C_gen_32	-	HLA01660	C*03:16	C	C*03:16		2.384550871412153e-05	0.0006130560786333307
478	33	C_gen_33	-	HLA01906	C*03:17:01	C	C*03:17	C*03:17P	9.851960179255474e-06	5.99238422023593e-05
479	34	C_gen_34	C*03:18:01	HLA19719	C*03:18:03	C	C*03:18	C*03:18P	1.0040214195419591e-06	2.7573726271889963e-06
480	35	C_gen_35	-	HLA02133	C*03:19	C	C*03:19		3.445048495803347e-05	0.0012307363570698234
481	36	C_gen_36	-	HLA15901	C*03:35:02:01	C	C*03:35	C*03:35P	2.761058903740387e-06	1.7001926516940547e-05
482	37	C_gen_37	-	HLA02821	C*03:38:01	C	C*03:38	C*03:38P	5.8986258398090105e-06	5.007188202310382e-05
483	38	C_gen_38	-	HLA02881	C*03:40:01	C	C*03:40	C*03:40P	5.396615130038031e-06	4.417325618329481e-05
484	39	C_gen_39	-	HLA02998	C*03:44	C	C*03:44		2.5539794859598585e-05	0.0006625668848844933
485	40	C_gen_40	C*03:03:01:01	HLA05162	C*03:88	C	C*03:88		1.0730478921354693e-05	0.00011225845869598391
486	41	C_gen_41	-	HLA00420	C*04:01:01:01	C	C*04:01	C*04:01P	0.08100535674293119	0.7940253397192545
487	42	C_gen_42	-	HLA08080	C*04:01:01:05	C	C*04:01	C*04:01P	0.008011440859835874	0.08796981266457951
488	43	C_gen_43	-	HLA13527	C*04:01:01:06	C	C*04:01	C*04:01P	0.019171911167766568	0.2101033732862954
489	44	C_gen_44	-	HLA03805	C*04:01:10	C	C*04:01	C*04:01P	2.105021225448451e-05	0.0005002980960302646
490	45	C_gen_45	-	HLA00423	C*04:03:01:01	C	C*04:03	C*04:03P	0.0018116311488860226	0.01816259177577541
491	46	C_gen_46	-	HLA00424	C*04:04:01:01	C	C*04:04	C*04:04P	0.00012023156499014959	0.0025150194632962497
492	47	C_gen_47	-	HLA00426	C*04:06:01	C	C*04:06	C*04:06P	8.189049703139101e-05	0.0020845942847575725
493	48	C_gen_48	-	HLA01078	C*04:07:01	C	C*04:07	C*04:07P	0.000104794735664692	0.0022745563333159513
494	49	C_gen_49	-	HLA01311	C*04:08	C	C*04:08		1.0416722227747827e-05	9.098575486943866e-05
495	50	C_gen_50	-	HLA01451	C*04:09N	C	C*04:09N		0.0013188029817731602	0.014664566202121844
496	51	C_gen_51	-	HLA01645	C*04:10	C	C*04:10	C*04:10P	7.668213591751713e-05	0.00192263307951771
497	52	C_gen_52	-	HLA01851	C*04:13:01:01	C	C*04:13	C*04:13P	1.869989893896899e-05	0.0004175005664739498
498	53	C_gen_53	-	HLA03106	C*04:15:02	C	C*04:15	C*04:15P	5.333863791316658e-06	3.877664105325678e-05
499	54	C_gen_54	-	HLA05916	C*04:82	C	C*04:82	C*04:01P	0.0010576830047423283	0.013345763220348684
500	55	C_gen_55	-	HLA00427	C*05:01:01:01	C	C*05:01	C*05:01P	0.009379034670443738	0.09734884733502323
501	56	C_gen_56	-	HLA03586	C*05:01:01:02	C	C*05:01	C*05:01P	0.04654589966812421	0.4513750525838158
502	57	C_gen_57	-	HLA01174	C*05:04:01	C	C*05:04	C*05:04P	3.5768263071182297e-06	2.340256306652053e-05
503	58	C_gen_58	-	HLA01602	C*05:05:01	C	C*05:05	C*05:05P	2.71085783276329e-05	0.0007696584196994097
504	59	C_gen_59	-	HLA01832	C*05:07N	C	C*05:07N		2.3971011391564275e-05	0.0006370270900248947
505	60	C_gen_60	-	HLA01843	C*05:08	C	C*05:08		3.0497150618587013e-05	0.0010312374669779788
506	61	C_gen_61	-	HLA01856	C*05:09:01	C	C*05:09	C*05:09P	5.1205092396639915e-05	0.0015684244826532445
507	62	C_gen_62	-	HLA23773	C*05:18:06	C	C*05:18	C*05:18P	5.020107097709796e-07	7.493297881050776e-07
508	63	C_gen_63	-	HLA03531	C*05:22:01	C	C*05:22	C*05:22P	1.5060321293129391e-06	4.263404756501935e-06
509	64	C_gen_64	-	HLA04308	C*05:29:01	C	C*05:29	C*05:29P	2.82381024246176e-06	1.9825736759402304e-05
510	65	C_gen_65	-	HLA00430	C*06:02:01:01	C	C*06:02	C*06:02P	0.07096543569675164	0.6361338719935553
511	66	C_gen_66	-	HLA02561	C*06:02:01:02	C	C*06:02	C*06:02P	0.010682646120794226	0.1285485232533397
512	67	C_gen_67	-	HLA10027	C*06:02:01:03	C	C*06:02	C*06:02P	0.0060081840852844685	0.059505756288722476
513	68	C_gen_68	-	HLA11439	C*06:02:38	C	C*06:02	C*06:02P	3.1827313028337516e-05	0.0010630647800063163
514	69	C_gen_69	C*06:02:01:01	HLA00431	C*06:03:01	C	C*06:03	C*06:03P	2.196296855248036e-06	6.459701611749971e-06
515	70	C_gen_70	-	HLA00432	C*06:04:01	C	C*06:04	C*06:04P	2.1649211858873488e-05	0.0005435293575295018
516	71	C_gen_71	-	HLA01258	C*06:06	C	C*06:06	C*06:06P	2.8489107779503087e-05	0.0008253793208801883
517	72	C_gen_72	-	HLA01301	C*06:07	C	C*06:07		1.8260639567919375e-05	0.0003616179404435808
518	73	C_gen_73	-	HLA04299	C*06:27	C	C*06:27		2.033143374572468e-05	0.00043783200021967446
519	74	C_gen_74	-	HLA00433	C*07:01:01:01	C	C*07:01	C*07:01P	0.09737669147882866	0.8914020311980831
520	75	C_gen_75	-	HLA14091	C*07:01:01:04	C	C*07:01	C*07:01P	0.00035593120830214255	0.005424831971231417
521	76	C_gen_76	-	HLA00992	C*07:01:02:01	C	C*07:01	C*07:01P	0.009909836830968414	0.10725868416599166
522	77	C_gen_77	-	HLA03012	C*07:01:08	C	C*07:01	C*07:01P	2.246321706279951e-05	0.0005659925745923012
523	78	C_gen_78	-	HLA03015	C*07:01:09	C	C*07:01	C*07:01P	0.000242546900157202	0.003069793542992995
524	79	C_gen_79	-	HLA00434	C*07:02:01:01	C	C*07:02	C*07:02P	0.0339462511598758	0.3220634715861151
525	80	C_gen_80	-	HLA01902	C*07:02:01:03	C	C*07:02	C*07:02P	0.076886110982768	0.7130199829763233
526	81	C_gen_81	-	HLA04315	C*07:02:08	C	C*07:02	C*07:02P	1.1017171222741893e-05	0.00012327562991872582
527	82	C_gen_82	-	HLA04320	C*07:02:10	C	C*07:02	C*07:02P	4.331906523502853e-05	0.001429324134639033
528	83	C_gen_83	-	HLA00436	C*07:04:01:01	C	C*07:04	C*07:04P	0.017080977151296303	0.17183496686840272
529	84	C_gen_84	-	HLA00437	C*07:05	C	C*07:05		2.321799532690781e-05	0.0005892105699192091
530	85	C_gen_85	-	HLA00438	C*07:06:01:01	C	C*07:06	C*07:01P	0.00028546849356772384	0.00417711335844939
531	86	C_gen_86	-	HLA00439	C*07:07	C	C*07:07		3.338371219977014e-05	0.0011622118951860848
532	87	C_gen_87	-	HLA00442	C*07:10	C	C*07:10		2.64183136016978e-05	0.0006889851984861912
533	88	C_gen_88	C*07:04:01:01	HLA00444	C*07:12	C	C*07:12		2.9555880537766424e-05	0.0009709961818054613
534	89	C_gen_89	-	HLA01662	C*07:17:01:01	C	C*07:17	C*07:17P	2.7231793401275618e-05	0.0007968902131006853
535	90	C_gen_90	-	HLA25447	C*07:17:01:02	C	C*07:17	C*07:17P	2.2876038000248917e-09	2.2876038000248917e-09
536	91	C_gen_91	-	HLA01672	C*07:18:01:01	C	C*07:18	C*07:01P	0.01124268888092078	0.1397912121342605
537	92	C_gen_92	-	HLA01720	C*07:19	C	C*07:19	C*07:19P	2.911662116671681e-05	0.0009120726747460924
538	93	C_gen_93	-	HLA01844	C*07:22	C	C*07:22	C*07:22P	2.9367626521602307e-05	0.0009414403012676947
539	94	C_gen_94	-	HLA01877	C*07:25	C	C*07:25		1.3177781131488213e-05	0.00015891839031246534
540	95	C_gen_95	-	HLA01889	C*07:26:01:01	C	C*07:26	C*07:26P	0.0002767961550999738	0.0036124043689167032
541	96	C_gen_96	-	HLA01908	C*07:27:01	C	C*07:27	C*07:27P	2.8551859118224462e-05	0.0008539311799984128
542	97	C_gen_97	-	HLA02010	C*07:29:01:01	C	C*07:29	C*07:29P	3.4073976925705246e-05	0.00119628587211179
543	98	C_gen_98	-	HLA02448	C*07:36	C	C*07:36		1.330328380893096e-05	0.00017222167412139634
544	99	C_gen_99	-	HLA02475	C*07:38:01	C	C*07:38	C*07:38P	2.57280488757627e-06	1.154256004818114e-05
545	100	C_gen_100	-	HLA02598	C*07:40	C	C*07:40		1.8637147600247615e-05	0.0003988006675349808
546	101	C_gen_101	-	HLA02789	C*07:46	C	C*07:46		4.216889962076229e-05	0.0013860050694040045
547	102	C_gen_102	-	HLA03436	C*07:60	C	C*07:60		1.3930797196144684e-05	0.00019950292260118057
548	103	C_gen_103	-	HLA03698	C*07:68	C	C*07:68		2.9744134553930543e-05	0.0010007403163593918
549	104	C_gen_104	-	HLA00445	C*08:01:01:01	C	C*08:01	C*08:01P	0.0007659250123753795	0.010637102127183927
550	105	C_gen_105	-	HLA00446	C*08:02:01:01	C	C*08:02	C*08:02P	0.019096495250126144	0.19093146211852885
551	106	C_gen_106	-	HLA10680	C*08:02:01:02	C	C*08:02	C*08:02P	0.0057264910672582044	0.04757666963838291
552	107	C_gen_107	-	HLA00447	C*08:03:01	C	C*08:03	C*08:03P	0.0007316806094912027	0.009871177114808548
553	108	C_gen_108	-	HLA00448	C*08:04:01:01	C	C*08:04	C*08:04P	0.0003572433713407734	0.0057820753425721905
554	109	C_gen_109	-	HLA01238	C*08:08:01	C	C*08:08	C*08:08P	5.333863791316658e-06	3.3442777261940116e-05
555	110	C_gen_110	-	HLA01835	C*08:10	C	C*08:10		1.129524096984704e-05	0.00014574060918097714
556	111	C_gen_111	C*08:02:01:01	HLA03017	C*08:15:01	C	C*08:15	C*08:15P	2.510053548854898e-06	8.969755160604869e-06
557	112	C_gen_112	-	HLA03680	C*08:22:01:01	C	C*08:22	C*08:01P	0.004380312276164374	0.036944859753560766
558	113	C_gen_113	-	HLA00454	C*12:02:02:01	C	C*12:02	C*12:02P	0.014962777582845909	0.1547539897171064
559	114	C_gen_114	-	HLA15132	C*12:02:14	C	C*12:02	C*12:02P	0.0002925748710294996	0.004469688229478889
560	115	C_gen_115	-	HLA00455	C*12:03:01:01	C	C*12:03	C*12:03P	0.05483106226916884	0.5062061148529846
561	116	C_gen_116	-	HLA04337	C*12:03:08	C	C*12:03	C*12:03P	4.1469367702968875e-05	0.0013438361697832425
562	117	C_gen_117	-	HLA00457	C*12:04:02:01	C	C*12:04	C*12:04P	0.00029769235089419094	0.004767380580373079
563	118	C_gen_118	-	HLA00458	C*12:05	C	C*12:05		0.0001202315649901496	0.0023947878983061003
564	119	C_gen_119	-	HLA01705	C*12:09	C	C*12:09		3.3069955506163285e-05	0.0011288281829863144
565	120	C_gen_120	-	HLA01878	C*12:12	C	C*12:12		1.531132664801487e-05	0.0002583088530975209
566	121	C_gen_121	-	HLA01954	C*12:13:01:01	C	C*12:13	C*12:13P	2.051968776188879e-05	0.0004583516879815632
567	122	C_gen_122	-	HLA02304	C*12:16:01	C	C*12:16	C*12:16P	6.971673731944479e-05	0.0017728456339897941
568	123	C_gen_123	-	HLA02527	C*12:18:01	C	C*12:18	C*12:18P	2.6983075650190158e-06	1.4240867613200155e-05
569	124	C_gen_124	C*12:02:02:01	HLA04592	C*12:30	C	C*12:30		1.1169738292404298e-05	0.00013444536821113012
570	125	C_gen_125	-	HLA04825	C*12:34	C	C*12:34		2.0896195794217026e-05	0.0004792478837757802
571	126	C_gen_126	-	HLA00462	C*14:02:01:01	C	C*14:02	C*14:02P	0.010607192966553805	0.11786587713254547
572	127	C_gen_127	-	HLA14811	C*14:02:01:02	C	C*14:02	C*14:02P	0.0031823135163260986	0.028288224968750518
573	128	C_gen_128	-	HLA00463	C*14:02:02	C	C*14:02	C*14:02P	1.4628988036494034e-05	0.00022812545917254068
574	129	C_gen_129	-	HLA01721	C*14:02:03	C	C*14:02	C*14:02P	1.8545579491152373e-05	0.0003801635199347332
575	130	C_gen_130	-	HLA00464	C*14:03:01:01	C	C*14:03	C*14:03P	0.0006711255676250784	0.008436995268331582
576	131	C_gen_131	-	HLA00465	C*14:04	C	C*14:04		4.3988688443682094e-05	0.0015172193902566046
577	132	C_gen_132	-	HLA01469	C*14:05	C	C*14:05		1.7319369487098796e-05	0.0003080282971755287
578	133	C_gen_133	-	HLA03455	C*14:11	C	C*14:11	C*14:02P	2.158204964036358e-05	0.0005218801456706283
579	134	C_gen_134	-	HLA00467	C*15:02:01:01	C	C*15:02	C*15:02P	0.0248514403957326	0.2573645717662045
580	135	C_gen_135	-	HLA12697	C*15:02:01:02	C	C*15:02	C*15:02P	0.0007868496084015148	0.011423951735585441
581	136	C_gen_136	-	HLA01081	C*15:02:02:01	C	C*15:02	C*15:02P	1.3350451283639555e-05	0.00018557212540503592
582	137	C_gen_137	-	HLA00469	C*15:04:01:01	C	C*15:04	C*15:04P	0.0007025012369857645	0.009139496505317346
583	138	C_gen_138	-	HLA00470	C*15:05:01:01	C	C*15:05	C*15:05P	0.0004500059315954201	0.006640278732550139
584	139	C_gen_139	-	HLA00471	C*15:05:02:01	C	C*15:05	C*15:05P	0.004905318817563948	0.04185017857112471
585	140	C_gen_140	-	HLA00472	C*15:06:01	C	C*15:06	C*15:06P	0.0003015201825561946	0.005068900762929275
586	141	C_gen_141	-	HLA00473	C*15:07:01:01	C	C*15:07	C*15:07P	0.00012895400107242042	0.0026439734643686702
587	142	C_gen_142	-	HLA01124	C*15:09:01:01	C	C*15:09	C*15:09P	0.0002658146708237337	0.003335608213816729
588	143	C_gen_143	-	HLA01424	C*15:11	C	C*15:11		6.846171054501734e-05	0.0017031288966703494
589	144	C_gen_144	-	HLA02022	C*15:13:01:01	C	C*15:13	C*15:02P	6.624270347208772e-05	0.0016346671861253322
590	145	C_gen_145	-	HLA00475	C*16:01:01:01	C	C*16:01	C*16:01P	0.02240975808417653	0.23251313137047194
591	146	C_gen_146	-	HLA00476	C*16:02:01:01	C	C*16:02	C*16:02P	0.005920902565055098	0.05349757220343801
592	147	C_gen_147	-	HLA00478	C*16:04:01:01	C	C*16:04	C*16:04P	0.0020774458197097565	0.020240037595485167
593	148	C_gen_148	-	HLA02242	C*16:07:01	C	C*16:07	C*16:07P	1.0040214195419591e-06	1.7533512076470368e-06
594	149	C_gen_149	-	HLA04311	C*17:01:01:02	C	C*17:01	C*17:01P	0.006135559907382377	0.06564131619610486
595	150	C_gen_150	-	HLA14101	C*17:01:01:05	C	C*17:01	C*17:01P	0.006544235535238524	0.07218555173134339
596	151	C_gen_151	-	HLA00993	C*17:03:01:01	C	C*17:03	C*17:01P	0.0002792404959649632	0.0038916448648816655
597	152	C_gen_152	-	HLA24982	C*17:51:01:01	C	C*17:51	C*17:01P	2.4503147453407314e-07	2.47319078334098e-07
598	153	C_gen_153	-	HLA00483	C*18:01:01:01	C	C*18:01	C*18:01P	0.000494249749280636	0.007134528481830775
599	154	C_gen_154	-	HLA00484	C*18:02:01:01	C	C*18:02	C*18:01P	0.0008641284800209135	0.012288080215606356
